KtoNr;KtoBezeichnung;KontoartText
"0001";"Ingangsetzungs- und Erweiterungsaufwand";"Aktivkonto"
"0002";"Aufwendungen Währungsumstellung Euro";"Aktivkonto"
"0010";"Konzessionen und gewerbl.Schutzrechte";"Aktivkonto"
"0015";"Konzessionen";"Aktivkonto"
"0020";"Gewerbliche Schutzrechte";"Aktivkonto"
"0025";"Ähnliche Rechte und Werte";"Aktivkonto"
"0027";"EDV-Software";"Aktivkonto"
"0030";"Lizenzen an gewerblichen Schutzrechten";"Aktivkonto"
"0035";"Geschäfts- oder Firmenwert";"Aktivkonto"
"0038";"Anzahlungen auf Geschäfts-, Firmenwert";"Aktivkonto"
"0039";"Anzahlungen immaterielle VermG";"Aktivkonto"
"0040";"Verschmelzungsmehrwert";"Aktivkonto"
"0050";"Grundstücke,grndst.Rechte und Bauten";"Aktivkonto"
"0059";"Grundstücksanteil häusl. Arbeitszimmer";"Aktivkonto"
"0060";"Grundstücke, grundstücksgl. Rechte";"Aktivkonto"
"0065";"Unbebaute Grundstücke";"Aktivkonto"
"0070";"Grundstücksgleiche Rechte";"Aktivkonto"
"0075";"Grundstücke mit Substanzverzehr";"Aktivkonto"
"0079";"Anzahlungen a.Grundstücke ohne Bauten";"Aktivkonto"
"0080";"Bauten auf eigenen Grundstücken";"Aktivkonto"
"0085";"Grundstückswert bebauter Grundstücke";"Aktivkonto"
"0090";"Geschäftsbauten";"Aktivkonto"
"0100";"Fabrikbauten";"Aktivkonto"
"0110";"Garagen";"Aktivkonto"
"0111";"Außenanlagen";"Aktivkonto"
"0112";"Hof- und Wegebefestigungen";"Aktivkonto"
"0113";"Einrichtung Fabrik- und Geschäftsbauten";"Aktivkonto"
"0115";"Andere Bauten";"Aktivkonto"
"0120";"Geschäfts-,Fabrik-u.and. Bauten im Bau";"Aktivkonto"
"0129";"Anzahlg. auf Bauten eigen. Grundstücken";"Aktivkonto"
"0140";"Wohnbauten";"Aktivkonto"
"0145";"Garagen";"Aktivkonto"
"0146";"Außenanlagen";"Aktivkonto"
"0147";"Hof- und Wegebefestigungen";"Aktivkonto"
"0148";"Einrichtungen für Wohnbauten";"Aktivkonto"
"0149";"Gebäudeanteil häusl. Arbeitszimmer";"Aktivkonto"
"0150";"Wohnbauten im Bau";"Aktivkonto"
"0159";"Anzahlg. auf Wohnbauten a.eig.Grundst";"Aktivkonto"
"0160";"Bauten auf fremden Grundstücken";"Aktivkonto"
"0165";"Geschäftsbauten";"Aktivkonto"
"0170";"Fabrikbauten";"Aktivkonto"
"0175";"Garagen";"Aktivkonto"
"0176";"Außenanlagen";"Aktivkonto"
"0177";"Hof- und Wegebefestigungen";"Aktivkonto"
"0178";"Einrichtung Fabrik- und Geschäftsbauten";"Aktivkonto"
"0179";"Andere Bauten";"Aktivkonto"
"0180";"Geschäfts-,Fabrik-u.and. Bauten im Bau";"Aktivkonto"
"0189";"Anzahlg. auf Bauten fremd. Grundstücken";"Aktivkonto"
"0190";"Wohnbauten";"Aktivkonto"
"0191";"Garagen";"Aktivkonto"
"0192";"Außenanlagen";"Aktivkonto"
"0193";"Hof- und Wegebefestigungen";"Aktivkonto"
"0194";"Einrichtungen für Wohnbauten";"Aktivkonto"
"0195";"Wohnbauten im Bau";"Aktivkonto"
"0199";"Anzahlungen a. Wohnbauten a. fremd. Gr.";"Aktivkonto"
"0200";"Technische Anlagen und Maschinen";"Aktivkonto"
"0210";"Maschinen";"Aktivkonto"
"0220";"Maschinengebundene Werkzeuge";"Aktivkonto"
"0240";"Maschinelle Anlagen";"Aktivkonto"
"0260";"Transportanlagen und ähnliches";"Aktivkonto"
"0280";"Betriebsvorrichtungen";"Aktivkonto"
"0290";"Technische Anlagen und Maschinen im Bau";"Aktivkonto"
"0299";"Anzahlungen auf technische Anlagen";"Aktivkonto"
"0300";"Betriebs- und Geschäftsausstattung";"Aktivkonto"
"0310";"Andere Anlagen";"Aktivkonto"
"0320";"PKW";"Aktivkonto"
"0350";"LKW";"Aktivkonto"
"0380";"Sonstige Transportmittel";"Aktivkonto"
"0400";"Betriebsausstattung";"Aktivkonto"
"0410";"Geschäftsausstattung";"Aktivkonto"
"0420";"Büroeinrichtung";"Aktivkonto"
"0430";"Ladeneinrichtung";"Aktivkonto"
"0440";"Werkzeuge";"Aktivkonto"
"0450";"Einbauten";"Aktivkonto"
"0460";"Gerüst- und Schalungsmaterial";"Aktivkonto"
"0480";"GWG bis 410 Euro";"Aktivkonto"
"0490";"Sonstige Betriebs-u.Gesch.ausstattung";"Aktivkonto"
"0498";"Betriebs- u. Gesch.ausstattung im Bau";"Aktivkonto"
"0499";"Anzahlung Betriebs- u. Gesch.ausstattung";"Aktivkonto"
"0500";"Anteile an verbundenen Unternehmen";"Aktivkonto"
"0504";"Anteile a.herrschender Gesellschaft";"Aktivkonto"
"0505";"Ausleihungen an verbundene Unternehmen";"Aktivkonto"
"0510";"Beteiligungen";"Aktivkonto"
"0513";"Typisch stille Beteiligungen";"Aktivkonto"
"0516";"Atypische stille Beteiligungen";"Aktivkonto"
"0517";"Andere Beteiligungen an Kapitalges.";"Aktivkonto"
"0518";"Andere Beteiligungen an Personenges.";"Aktivkonto"
"0519";"Beteiligung GmbH&Co.an Komplementär GmbH";"Aktivkonto"
"0520";"Ausleih. an UN mit Beteiligungsverh.";"Aktivkonto"
"0525";"Wertpapiere des Anlagevermögens";"Aktivkonto"
"0530";"Wertpapiere mit Gewinnbeteil.ansprüch.";"Aktivkonto"
"0535";"Festverzinsliche Wertpapiere";"Aktivkonto"
"0540";"Sonstige Ausleihungen";"Aktivkonto"
"0550";"Darlehen";"Aktivkonto"
"0570";"Genossenschaftsanteile z.lfr.Verbleib";"Aktivkonto"
"0580";"Ausleihungen an Gesellschafter";"Aktivkonto"
"0590";"Ausleihungen an nahe stehende Personen";"Aktivkonto"
"0595";"LV-Rückdeckungsansprüche z.lfr.Verbl.";"Aktivkonto"
"0600";"Anleihen, nicht konvertibel";"Passivkonto"
"0601";"Anleihen, nicht konvertibel (b. 1 Jahr)";"Passivkonto"
"0605";"Anleihen, nicht konvertibel (1-5 Jahre)";"Passivkonto"
"0610";"Anleihen, nicht konvertibel (g.5 Jahre)";"Passivkonto"
"0615";"Anleihen konvertibel";"Passivkonto"
"0616";"Anleihen konvertibel(bis 1 Jahr)";"Passivkonto"
"0620";"Anleihen konvertibel(1-5 Jahre)";"Passivkonto"
"0625";"Anleihen konvertibel(größer 5 Jahre)";"Passivkonto"
"0630";"Verbindlichkeiten gg. Kreditinstituten";"Passivkonto"
"0631";"Verbindlichkeiten Kreditinstitut(b.1J)";"Passivkonto"
"0640";"Verbindlichkeiten Kreditinstitut(1-5J)";"Passivkonto"
"0650";"Verbindlichkeiten Kreditinstitut(g.5J)";"Passivkonto"
"0660";"TZ-Verbindlichkeit. gg. Kreditinstituten";"Passivkonto"
"0661";"TZ-Verbindlichkeit. Kreditinstitut,b.1 J";"Passivkonto"
"0670";"TZ-Verbindlichkeit. Kreditinstitut,1-5 J";"Passivkonto"
"0680";"TZ-Verbindlichkeit. Kreditinstitut,g.5 J";"Passivkonto"
"0690";"(frei, in Bilanz kein Restlaufzeitvermerk)";"Passivkonto"
"0699";"Gegenkonto bei Aufteilung Kto 0690-98";"Passivkonto"
"0700";"Verbindlichk.gegenüber verbundenen UN";"Passivkonto"
"0701";"Verbindlichkeit. gg.verbundene UN(b.1 J)";"Passivkonto"
"0705";"Verbindlichkeit. gg.verbundene UN(1-5 J)";"Passivkonto"
"0710";"Verbindlichkeit. gg.verbundene UN(g.5 J)";"Passivkonto"
"0715";"Verbindl. gg.UN mit Beteiligungsverh.";"Passivkonto"
"0716";"Verbindl. gg.UN mit Beteiligg.verh. b.1J";"Passivkonto"
"0720";"Verbindl. gg.UN mit Beteiligg.verh. 1-5J";"Passivkonto"
"0725";"Verbindl. gg.UN mit Beteiligg.verh. g.5J";"Passivkonto"
"0730";"Verbindlichkeit.gg. Gesellschaftern";"Passivkonto"
"0731";"Verbindlichkeit.gg. Gesellschaftern b.1J";"Passivkonto"
"0740";"Verbindlichkeit.gg. Gesellschaftern 1-5J";"Passivkonto"
"0750";"Verbindlichkeit.gg. Gesellschaftern g.5J";"Passivkonto"
"0755";"Verb.gg.Gesellschaftern off.Ausschüttg.";"Passivkonto"
"0760";"Darlehen typ. stiller Gesellschafter";"Passivkonto"
"0761";"Darlehen typ. stiller Gesellsch.(b.1J)";"Passivkonto"
"0764";"Darlehen typ. stiller Gesellsch.(1-5J)";"Passivkonto"
"0767";"Darlehen typ. stiller Gesellsch.(g.5J)";"Passivkonto"
"0770";"Darlehen atyp. stiller Gesellschafter";"Passivkonto"
"0771";"Darlehen atyp. stiller Gesellsch.(b.1J)";"Passivkonto"
"0774";"Darlehen atyp. stiller Gesellsch.(1-5J)";"Passivkonto"
"0777";"Darlehen atyp. stiller Gesellsch.(g.5J)";"Passivkonto"
"0780";"Partiarische Darlehen";"Passivkonto"
"0781";"Partiarische Darlehen(bis 1 Jahr)";"Passivkonto"
"0784";"Partiarische Darlehen(1-5 Jahre)";"Passivkonto"
"0787";"Partiarische Darlehen(g. 5 Jahre)";"Passivkonto"
"0790";"(frei, in Bilanz kein Restlaufzeitvermerk)";"Passivkonto"
"0799";"Gegenkonto bei Aufteilung Kto 0790-98";"Passivkonto"
"0800";"Gezeichnetes Kapital";"Passivkonto"
"0801";"Ausstehende Einlagen nicht eingefordert (AKTIV)";"Aktivkonto"
"0809";"Ausstehende Einlage nicht eingefordert";"Aktivkonto"
"0810";"Ausstehende Einlagen eingefordert (AKTIV)";"Aktivkonto"
"0819";"Ausstehende Einlagen eingefordert";"Aktivkonto"
"0820";"Ausstehende Einlagen nicht eingefordert (Passiv)";"Aktivkonto"
"0829";"Ausstehende Einlage nicht eingefordert";"Passivkonto"
"0830";"Ausstehende Einlagen eingefordert (Forderungen)";"Aktivkonto"
"0838";"Ausstehende Einlage eingefordert";"Aktivkonto"
"0839";"Eingeforderte Nachschüsse";"Aktivkonto"
"0840";"Kapitalrücklage";"Passivkonto"
"0841";"Kapitalrücklage/Anteile ü. Nennbetrag";"Passivkonto"
"0842";"Kapitalrückl./Ausgabe Schuldverschr.";"Passivkonto"
"0843";"Kapitalrücklage gg.Vorzugsgewährung";"Passivkonto"
"0844";"Kapital-RL durch andere Zuzahl.i.das EK";"Passivkonto"
"0845";"Eingefordertes Nachschusskapital";"Passivkonto"
"0846";"Gesetzliche Rücklage";"Passivkonto"
"0847";"Gesetzl. Rücklage 40% Vorbelastung";"Passivkonto"
"0848";"Gesetzl. Rücklage (stl. Einlagekonto)";"Passivkonto"
"0849";"Gesetzl. Rücklage 0% Vorbelastung EK02";"Passivkonto"
"0850";"Rücklage für eigene Anteile";"Passivkonto"
"0851";"Satzungsmäßige Rücklagen";"Passivkonto"
"0852";"Satzungsm.Rücklagen 40% Vorbelastung";"Passivkonto"
"0853";"Satzungsm.Rücklagen (stl. Einlagekonto)";"Passivkonto"
"0854";"Satzungsm.Rücklagen 0% Vorbelastung EK02";"Passivkonto"
"0855";"Andere Gewinnrückl. 40% Vorbelastung";"Passivkonto"
"0856";"Eigenkapitalanteil von Wertaufholungen";"Passivkonto"
"0857";"Andere Gewinnrücklagen";"Passivkonto"
"0858";"Andere Gewinnrückl. (stl. Einlagekonto)";"Passivkonto"
"0859";"Andere Gewinnrückl. 0% Vorbelastung EK02";"Passivkonto"
"0860";"Gewinnvortrag vor Verwendung";"Passivkonto"
"0862";"Gewinnvortrag 40% Vorbelastung";"Passivkonto"
"0864";"Gewinnvortrag (stl. Einlagekonto)";"Passivkonto"
"0866";"Gewinnvortrag  0% Vorbelastung EK02";"Passivkonto"
"0868";"Verlustvortrag vor Verwendung";"Passivkonto"
"0869";"Vortrag auf neue Rechnung (Bilanz)";"Passivkonto"
"0870";"Festkapital";"Passivkonto"
"0880";"Variables Kapital";"Passivkonto"
"0890";"Gesellschafter-Darlehen";"Passivkonto"
"0900";"Kommandit-Kapital";"Passivkonto"
"0910";"Verlustausgleich";"Passivkonto"
"0920";"Gesellschafter-Darlehen";"Passivkonto"
"0930";"SoPo m. Rücklageanteil, stfr. Rücklage";"Passivkonto"
"0931";"SoPo m. Rücklageanteil § 6 b EStG";"Passivkonto"
"0932";"SoPo m. Rücklageanteil Abschn. 35 EStR";"Passivkonto"
"0933";"SoPo m. Rücklageanteil § 6 d EStG";"Passivkonto"
"0934";"SoPo m. Rücklageanteil § 1 EntwLStG";"Passivkonto"
"0935";"SoPo aus Währungsumstellung auf Euro";"Passivkonto"
"0936";"SoPo m. Rücklageanteil § 7 d EStG";"Passivkonto"
"0937";"SoPo m. Rücklageanteil § 79 EStDV";"Passivkonto"
"0938";"SoPo m. Rücklageanteil § 80 EStDV";"Passivkonto"
"0939";"SoPo m. Rücklageanteil §52 Abs.16 EStG";"Passivkonto"
"0940";"SoPo m. Rücklageanteil, Sonder-AfA";"Passivkonto"
"0941";"SoPo m. Rücklageanteil § 82 a EStDV";"Passivkonto"
"0942";"SoPo m. Rücklageanteil § 82 d EStDV";"Passivkonto"
"0943";"SoPo m. Rücklageanteil § 82 e EStDV";"Passivkonto"
"0944";"SoPo m. Rücklageanteil § 14 BerlinFG";"Passivkonto"
"0945";"Sopo m. Rücklageanteil FördergebietsG.";"Passivkonto"
"0946";"SoPo mit Rücklageanteil nach § 4d EStG";"Passivkonto"
"0947";"Sopo mit Rücklageanteil § 7g Abs.1 EStG";"Passivkonto"
"0948";"SoPo mit Rücklageanteil § 7g/3, 7 EStG";"Passivkonto"
"0949";"Sonderposten für Zuschüsse u. Zulagen";"Passivkonto"
"0950";"Pensions-und ähnliche Rückstellungen";"Passivkonto"
"0955";"Steuerrückstellungen";"Passivkonto"
"0957";"Gewerbesteuerrückstellung";"Passivkonto"
"0963";"Körperschaftsteuerrückstellung";"Passivkonto"
"0969";"Rückstellung für latente Steuern";"Passivkonto"
"0970";"Sonstige Rückstellungen";"Passivkonto"
"0971";"Rückstellungen Instandhaltung bis 3 M";"Passivkonto"
"0972";"Rückstellungen Instandhaltung 4-12 M";"Passivkonto"
"0973";"Rückstellungen Abraum-/Abfallbeseit.";"Passivkonto"
"0974";"Rückstellungen f. Gewährleistungen";"Passivkonto"
"0976";"Rückstellungen f. drohende Verluste";"Passivkonto"
"0977";"Rückstellungen für Abschluss u. Prüfung";"Passivkonto"
"0978";"Aufwandsrückstellungen § 249 II HGB";"Passivkonto"
"0979";"Rückstellungen für Umweltschutz";"Passivkonto"
"0980";"Aktive Rechnungsabgrenzung";"Aktivkonto"
"0983";"Abgrenzung aktive latente Steuern";"Aktivkonto"
"0984";"Aufwand Zölle und Verbrauchsteuern";"Aktivkonto"
"0985";"Aufwand Umsatzsteuer auf Anzahlungen";"Aktivkonto"
"0986";"Damnum/Disagio";"Aktivkonto"
"0990";"Passive Rechnungsabgrenzung";"Passivkonto"
"0992";"Abgr. zur unterjährigen Kostenverrechnung BWA";"Passivkonto"
"0996";"Pauschalwertberichtigung Forderg./b.1J";"Aktivkonto"
"0997";"Pauschalwertberichtigung Forderg./g.1J";"Aktivkonto"
"0998";"Einzelwertberichtigung Forderung(b.1J)";"Aktivkonto"
"0999";"Einzelwertberichtigung Forderung(g.1J)";"Aktivkonto"
"1000";"Kasse";"Aktivkonto"
"1010";"Nebenkasse 1";"Aktivkonto"
"1020";"Nebenkasse 2";"Aktivkonto"
"1100";"Postbank";"Aktivkonto"
"1110";"Postbank 1";"Aktivkonto"
"1120";"Postbank 2";"Aktivkonto"
"1130";"Postbank 3";"Aktivkonto"
"1190";"LZB-Guthaben";"Aktivkonto"
"1195";"Bundesbankguthaben";"Aktivkonto"
"1200";"Bank";"Aktivkonto"
"1210";"Bank 1";"Aktivkonto"
"1220";"Bank 2";"Aktivkonto"
"1230";"Bank 3";"Aktivkonto"
"1240";"Bank 4";"Aktivkonto"
"1250";"Bank 5";"Aktivkonto"
"1290";"Finanzmittelanlagen kurzfr. Disposition";"Aktivkonto"
"1300";"Wechsel aus Lieferung und Leistung";"Aktivkonto"
"1301";"Wechsel a. Lieferungen/Leistungen b.1 J";"Aktivkonto"
"1302";"Wechsel a. Lieferungen/Leistungen g.1 J";"Aktivkonto"
"1305";"Wechsel a. Lieferungen/Leistungen bbf.";"Aktivkonto"
"1310";"Besitzwechsel gegen verbund. Unternehmen";"Aktivkonto"
"1311";"Besitzwechsel gegen verbundene UN (b.1J)";"Aktivkonto"
"1312";"Besitzwechsel gegen verbundene UN (g.1J)";"Aktivkonto"
"1315";"Besitzwechs.gg.verb.UN, bundesbankfähig";"Aktivkonto"
"1320";"Besitzwechsel gg.UN m. Beteiligungsverh.";"Aktivkonto"
"1321";"Besitzwechsel gg.UN m.Beteiligg.verh.b1J";"Aktivkonto"
"1322";"Besitzwechsel gg.UN m.Beteiligg.verh.g1J";"Aktivkonto"
"1325";"Besitzwechsel gg.UN m.Beteiligg.verh.bbf";"Aktivkonto"
"1327";"Finanzwechsel";"Aktivkonto"
"1329";"Wertpap. mit geringen Wertschwankungen";"Aktivkonto"
"1330";"Schecks";"Aktivkonto"
"1340";"Anteile an verbundenen Unternehmen";"Aktivkonto"
"1344";"Anteile a.herrschender Gesellschaft";"Aktivkonto"
"1345";"Eigene Anteile";"Aktivkonto"
"1348";"Sonstige Wertpapiere";"Aktivkonto"
"1349";"Wertpapieranlagen kurzfr. Disposition";"Aktivkonto"
"1350";"GmbH-Anteile z.kurzfristigen Verbleib";"Aktivkonto"
"1352";"Genossenschaftsanteile z.kfr.Verbleib";"Aktivkonto"
"1355";"Ansprüche a. Rückdeckungsversicherung";"Aktivkonto"
"1360";"Geldtransit";"Aktivkonto"
"1370";"Gewinnermittlung §4/3 ergebniswirksam";"Aktivkonto"
"1371";"Gewinnermittlung §4/3 nicht ergebnisw";"Aktivkonto"
"1380";"Überleitung Kostenstellen";"Aktivkonto"
"1390";"Verrechnung Ist-Versteuerung";"Aktivkonto"
"1400";"Forderungen aus Lieferungen u.Leistung";"Aktivkonto"
"1410";"Forderungen aus Lieferungen u.Leistung";"Aktivkonto"
"1450";"Forderungen nach § 11 EStG für § 4/3";"Aktivkonto"
"1451";"Forderg.a. Lieferungen/Leistungen b.1 J";"Aktivkonto"
"1455";"Forderg.a. Lieferungen/Leistungen g.1 J";"Aktivkonto"
"1460";"Zweifelhafte Forderungen";"Aktivkonto"
"1461";"Zweifelhafte Forderungen (bis 1 Jahr)";"Aktivkonto"
"1465";"Zweifelhafte Forderungen (g. 1 Jahr)";"Aktivkonto"
"1470";"Forderungen aus L+L gg. verbundenen UN";"Aktivkonto"
"1471";"Forderungen aus L+L gg. verbund. UN b.1J";"Aktivkonto"
"1475";"Forderungen aus L+L gg. verbund. UN g.1J";"Aktivkonto"
"1478";"WB Forderungen gg. verbundene UN (b.1J)";"Aktivkonto"
"1479";"WB Forderungen gg. verbundene UN (g.1J)";"Aktivkonto"
"1480";"Forderg. L+L gg.UN m. Beteiligungsverh.";"Aktivkonto"
"1481";"Forderg. L+L gg.UN m.Beteiligg.verh.b1J";"Aktivkonto"
"1485";"Forderg. L+L gg.UN m.Beteiligg.verh.g1J";"Aktivkonto"
"1488";"WB Forderg.gg.UN m.Beteiligg.verh. b.1J";"Aktivkonto"
"1489";"WB Forderg.gg.UN m.Beteiligg.verh. g.1J";"Aktivkonto"
"1490";"Forderungen aus L+L gg. Gesellschafter";"Aktivkonto"
"1491";"Forderg. aus L+L gg.Gesellschafter b.1 J";"Aktivkonto"
"1495";"Forderg. aus L+L gg.Gesellschafter g.1 J";"Aktivkonto"
"1498";"Gegenkonto sonst.VG bei Buchung Debitor";"Aktivkonto"
"1499";"Gegenkonto bei Aufteilung Debitoren";"Aktivkonto"
"1500";"Sonstige Vermögensgegenstände";"Aktivkonto"
"1501";"Sonstige Vermögensgegenstände (b.1 J)";"Aktivkonto"
"1502";"Sonstige Vermögensgegenstände (g.1 J)";"Aktivkonto"
"1503";"Forderungen gg. Geschäftsf.(b.1J)";"Aktivkonto"
"1504";"Forderungen gg. Geschäftsf.(g.1J)";"Aktivkonto"
"1505";"Forderungen gg. Aufsichtsratsm. (b.1 J)";"Aktivkonto"
"1506";"Forderungen gg. Aufsichtsratsm. (g.1 J)";"Aktivkonto"
"1507";"Forderungen gg. Gesellschafter (b.1J)";"Aktivkonto"
"1508";"Forderungen gg. Gesellschafter (g.1J)";"Aktivkonto"
"1510";"Geleistete Anzahlungen auf Vorräte";"Aktivkonto"
"1511";"Geleistete Anzahlungen 7% Vorsteuer";"Aktivkonto"
"1516";"Geleistete Anzahlungen 15% Vorsteuer";"Aktivkonto"
"1517";"Geleistete Anzahlungen 16% Vorsteuer";"Aktivkonto"
"1518";"Geleistete Anzahlungen 19% Vorsteuer";"Aktivkonto"
"1521";"Agenturwarenabrechnung";"Aktivkonto"
"1525";"Kautionen";"Aktivkonto"
"1526";"Kautionen (bis 1 J)";"Aktivkonto"
"1527";"Kautionen (g. 1 J)";"Aktivkonto"
"1530";"Forderg. gg. Personal Lohn- u. Gehalt";"Aktivkonto"
"1531";"Forderungen gegen Personal (bis 1Jahr)";"Aktivkonto"
"1537";"Forderungen gegen Personal (g. 1Jahr)";"Aktivkonto"
"1540";"Steuerüberzahlungen";"Aktivkonto"
"1542";"Steuererst.anspruch gegen ander. EG-Land";"Aktivkonto"
"1543";"Forderg. an FA aus abgeführtem Bauabzug";"Aktivkonto"
"1545";"USt-Forderungen";"Aktivkonto"
"1547";"Forderungen aus Verbrauchsteuern";"Aktivkonto"
"1548";"Vorsteuer im Folgejahr abziehbar";"Aktivkonto"
"1549";"Körperschaftsteuerrückforderung";"Aktivkonto"
"1550";"Darlehen";"Aktivkonto"
"1551";"Darlehen bis 1 Jahr";"Aktivkonto"
"1555";"Darlehen g. 1 Jahr";"Aktivkonto"
"1556";"Nachträgl. abz. Vorsteuer, bewegl. WG";"Aktivkonto"
"1557";"Zurückzuzahlende Vorsteuer, bewegl.WG";"Aktivkonto"
"1558";"Nachträgl. abz. Vorsteuer, unbewegl. WG";"Aktivkonto"
"1559";"Zurückzuzahl. Vorsteuer, unbewegl. WG";"Aktivkonto"
"1560";"Aufzuteilende Vorsteuer";"Aktivkonto"
"1561";"Aufzuteilende Vorsteuer 7%";"Aktivkonto"
"1562";"Aufzuteilende Vorsteuer aus EG-Erwerb";"Aktivkonto"
"1563";"Aufzuteilende Vorsteuer aus EG-Erwerb 19%";"Aktivkonto"
"1565";"Aufzuteilende Vorsteuer 16%";"Aktivkonto"
"1566";"Aufzuteilende Vorsteuer 19%";"Aktivkonto"
"1567";"Aufzuteilende Vorsteuer §§13a/13b UStG";"Aktivkonto"
"1568";"Aufzuteilende Vorsteuer nach §§13a/13b UstG 16%";"Aktivkonto"
"1569";"Aufzuteilende Vorsteuer nach §§13a/13b UStG 19%";"Aktivkonto"
"1570";"Abziehbare Vorsteuer";"Aktivkonto"
"1571";"Abziehbare Vorsteuer 7%";"Aktivkonto"
"1572";"Abziehbare Vorsteuer aus EG-Erwerb";"Aktivkonto"
"1573";"Abziehbare Vorsteuer aus EG-Erwerb 16%";"Aktivkonto"
"1574";"Abziehbare Vorsteuer aus EG-Erwerb 19%";"Aktivkonto"
"1575";"Abziehbare Vorsteuer 16%";"Aktivkonto"
"1576";"Abziehbare Vorsteuer 19%";"Aktivkonto"
"1577";"Abziehbare Vorsteuer nach § 13b UStG 19%";"Aktivkonto"
"1578";"Abziehbare Vorsteuer § 13b UStG";"Aktivkonto"
"1579";"Abziehbare Vorsteuer § 13b UStG 16%";"Aktivkonto"
"1580";"Gegenkonto Vorsteuer § 4/3 EStG";"Aktivkonto"
"1581";"Auflösung Vorsteuer Vorjahr § 4/3 EStG";"Aktivkonto"
"1582";"Vorsteuer aus Investitionen Par. 4/3 EStG";"Aktivkonto"
"1583";"Gegenkonto für Vorsteuer  §4 Abs.3 EStG";"Aktivkonto"
"1584";"Vorsteuer EG-Erwerb neue Kfz ohne UStID";"Aktivkonto"
"1586";"Kürzung BerlinFG";"Aktivkonto"
"1588";"Bezahlte Einfuhrumsatzsteuer";"Aktivkonto"
"1589";"Bezahlte Einfuhrumsatzsteuer (EG)";"Aktivkonto"
"1590";"Durchlaufende Posten";"Aktivkonto"
"1592";"Fremdgeld";"Aktivkonto"
"1593";"Verrechnung erhaltene Anzahlungen";"Aktivkonto"
"1594";"Forderungen gegen verbund.Unternehmen";"Aktivkonto"
"1595";"Forderungen gg. verbundene UN(b. 1 J)";"Aktivkonto"
"1596";"Forderungen gg. verbundene UN(g. 1 J)";"Aktivkonto"
"1597";"Forderungen gg. UN m. Beteiligungsverh.";"Aktivkonto"
"1598";"Forderg. gg. UN mit Beteiligg.verh. b.1J";"Aktivkonto"
"1599";"Forderg. gg. UN mit Beteiligg.verh. g.1J";"Aktivkonto"
"1600";"Verbindl. aus Lieferungen u. Leistungen";"Passivkonto"
"1610";"Verbindlichkeiten ohne Kontokorrent";"Passivkonto"
"1623";"Verbindl. aus Lieferungen u. Leistungen";"Passivkonto"
"1624";"Verbindlichk. Investitionen § 4/3 EStG";"Passivkonto"
"1625";"Verbindl.a.Lieferungen/Leistungen b.1 J";"Passivkonto"
"1626";"Verbindl.a.Lieferungen/Leistungen 1-5 J";"Passivkonto"
"1628";"Verbindl.a.Lieferungen/Leistungen g.5 J";"Passivkonto"
"1630";"Verbindl. aus L+L gg. verbundenen UN";"Passivkonto"
"1631";"Verbindl.aus L+L gg.verbundenen UN b. 1J";"Passivkonto"
"1635";"Verbindl.aus L+L gg.verbundenen UN 1-5 J";"Passivkonto"
"1638";"Verbindl.aus L+L gg.verbundenen UN g.5 J";"Passivkonto"
"1640";"Verbindl.aus L+L gg.UN m.Beteiligg.verh.";"Passivkonto"
"1641";"Verbindl.aus L+L gg.UN m. Bet.verh. b.1J";"Passivkonto"
"1645";"Verbindl.aus L+L gg.UN m. Bet.verh. 1-5J";"Passivkonto"
"1648";"Verbindl.aus L+L gg.UN m. Bet.verh. g.5J";"Passivkonto"
"1650";"Verbindl. aus L+L gg. Gesellschaftern";"Passivkonto"
"1651";"Verbindl. aus L+L gg. Gesellsch. b. 1J";"Passivkonto"
"1655";"Verbindl. aus L+L gg. Gesellsch. 1-5 J";"Passivkonto"
"1658";"Verbindl. aus L+L gg. Gesellsch. g. 5J";"Passivkonto"
"1659";"Gegenkonto bei Aufteilung Kreditoren";"Passivkonto"
"1660";"Schuldwechsel";"Passivkonto"
"1661";"Schuldwechsel (bis 1 Jahr)";"Passivkonto"
"1680";"Schuldwechsel (1-5 Jahre)";"Passivkonto"
"1690";"Schuldwechsel (größer 5 Jahre)";"Passivkonto"
"1700";"Sonstige Verbindlichkeiten";"Passivkonto"
"1701";"Sonstige Verbindlichkeiten (bis 1 J)";"Passivkonto"
"1702";"Sonstige Verbindlichkeiten (1-5 J)";"Passivkonto"
"1703";"Sonstige Verbindlichkeiten (g. 5 J)";"Passivkonto"
"1704";"Sonst. Verbindlichkeiten nach §11 EStG";"Passivkonto"
"1705";"Darlehen";"Passivkonto"
"1706";"Darlehen bis 1 Jahr";"Passivkonto"
"1707";"Darlehen 1-5 Jahre";"Passivkonto"
"1708";"Darlehen g. 5 Jahre";"Passivkonto"
"1709";"Gewinnverfügung stille Gesellschaft.";"Passivkonto"
"1710";"Erhaltene Anzahlungen";"Passivkonto"
"1711";"Erhaltene Anzahlungen 7% USt";"Passivkonto"
"1717";"Erhaltene Anzahlungen 16% USt";"Passivkonto"
"1718";"Erhaltene Anzahlungen 19% USt";"Passivkonto"
"1719";"Erhaltene Anzahlungen (bis 1 Jahr)";"Passivkonto"
"1720";"Erhaltene Anzahlungen (1-5 Jahre)";"Passivkonto"
"1721";"Erhaltene Anzahlungen (g. 5 Jahre)";"Passivkonto"
"1722";"Erhaltene Anzahlungen";"Passivkonto"
"1730";"Kreditkartenabrechnung";"Passivkonto"
"1731";"Agenturwarenabrechnung";"Passivkonto"
"1732";"Erhaltene Kautionen";"Passivkonto"
"1733";"Erhaltene Kautionen (bis 1 Jahr)";"Passivkonto"
"1734";"Erhaltene Kautionen (1-5 Jahre)";"Passivkonto"
"1735";"Erhaltene Kautionen (größer 5 Jahre)";"Passivkonto"
"1736";"Verbindl. Betriebssteuern und -abgaben";"Passivkonto"
"1737";"Verbindl.Betriebsst.und -abgaben (b.1 J)";"Passivkonto"
"1738";"Verbindl.Betriebsst.und -abgaben (1-5 J)";"Passivkonto"
"1739";"Verbindl.Betriebsst.und -abgaben (g.5 J)";"Passivkonto"
"1740";"Verbindlichkeiten aus Lohn und Gehalt";"Passivkonto"
"1741";"Verbindlichk. Lohn- und Kirchensteuer";"Passivkonto"
"1742";"Verbindlichkeiten soziale Sicherheit";"Passivkonto"
"1743";"Verbindlichk. soziale Sicherheit(b.1J)";"Passivkonto"
"1744";"Verbindlichk. soziale Sicherheit(1-5J)";"Passivkonto"
"1745";"Verbindlichk. soziale Sicherheit(g.5J)";"Passivkonto"
"1746";"Verbindlichk. a.Einbehaltung (KapESt)";"Passivkonto"
"1747";"Verbindlichkeiten für Verbrauchsteuern";"Passivkonto"
"1748";"Verbindlichk. Einbehaltung Arbeitnehmer";"Passivkonto"
"1749";"Verbindl. an FA abzuführender Bauabzug";"Passivkonto"
"1750";"Verbindlichkeiten a.Vermögensbildung";"Passivkonto"
"1751";"Verbindlichk. Vermögensbildung(b.1J)";"Passivkonto"
"1752";"Verbindlichk. Vermögensbildung(1-5J)";"Passivkonto"
"1753";"Verbindlichk. Vermögensbildung(g.5J)";"Passivkonto"
"1754";"Steuerzahlungen an andere EG-Länder";"Passivkonto"
"1755";"Lohn- und Gehaltsverrechnungen";"Passivkonto"
"1758";"Umsatzsteuer nach § 13b Abs. 2 UStG 16% (Direkt)";"Passivkonto"
"1759";"USt-Abzugsverfahren, 15% Umsatzsteuer";"Passivkonto"
"1760";"Umsatzsteuer nicht fällig";"Passivkonto"
"1761";"Umsatzsteuer nicht fällig 7%";"Passivkonto"
"1762";"USt nicht fällig, EG-Lieferungen";"Passivkonto"
"1763";"USt nicht fällig, EG-Lieferungen 16%";"Passivkonto"
"1764";"USt nicht fällig, EG-Lieferungen 19%";"Passivkonto"
"1765";"Umsatzsteuer nicht fällig 16%";"Passivkonto"
"1766";"Umsatzsteuer nicht fällig 19%";"Passivkonto"
"1767";"USt im anderen EG-Land stpfl.Lieferung";"Passivkonto"
"1768";"USt im anderen EG-Land s.Leist./Werkl.";"Passivkonto"
"1769";"Steuerzahlungen an andere EG-Länder";"Passivkonto"
"1770";"Umsatzsteuer";"Passivkonto"
"1771";"Umsatzsteuer 7%";"Passivkonto"
"1772";"Umsatzsteuer aus EG-Erwerb 7%";"Passivkonto"
"1773";"Umsatzsteuer aus EG-Erwerb 16%";"Passivkonto"
"1774";"Umsatzsteuer aus EG-Erwerb 19%";"Passivkonto"
"1775";"Umsatzsteuer 16%";"Passivkonto"
"1776";"Umsatzsteuer 19%";"Passivkonto"
"1777";"Umsatzsteuer EG-Lieferungen 7%";"Passivkonto"
"1778";"USt aus im Inland steuerpfl. EG-Lieferungen 19%";"Passivkonto"
"1779";"USt aus EG-Erwerb ohne Vorsteuer-Abzug";"Passivkonto"
"1780";"Umsatzsteuervorauszahlungen";"Passivkonto"
"1781";"Umsatzsteuervorauszahlungen 1/11";"Passivkonto"
"1782";"Nachsteuer";"Passivkonto"
"1783";"Unber. ausgewiesene und geschuldete USt";"Passivkonto"
"1784";"USt EG-Erwerb Neufahrzeuge ohne UStID";"Passivkonto"
"1785";"Umsatzsteuer nach § 13b UStG";"Passivkonto"
"1786";"Umsatzsteuer nach § 13b UStG 16%";"Passivkonto"
"1787";"Umsatzsteuer nach § 13b UStG 19%";"Passivkonto"
"1788";"Aufgeschobene Einfuhr-Umsatzsteuer";"Passivkonto"
"1789";"Umsatzsteuer laufendes Jahr";"Passivkonto"
"1790";"Umsatzsteuer Vorjahr";"Passivkonto"
"1791";"Umsatzsteuer frühere Jahre";"Passivkonto"
"1792";"Sonstige Verrechnung";"Passivkonto"
"1793";"Verrechnung geleistete Anzahlungen";"Passivkonto"
"1800";"Privatentnahmen allgemein";"Passivkonto"
"1810";"Privatsteuern";"Passivkonto"
"1820";"Sonderausgaben beschränkt abzugsfähig";"Passivkonto"
"1830";"Sonderausgaben unbeschränkt abzugsfähig";"Passivkonto"
"1840";"Zuwendungen, Spenden";"Passivkonto"
"1850";"Außergewöhnliche Belastungen";"Passivkonto"
"1860";"Grundstücksaufwand";"Passivkonto"
"1869";"Grundstücksaufwand (Umsatzsteuerschlüssel möglich)";"Passivkonto"
"1870";"Grundstücksertrag";"Passivkonto"
"1880";"Unentgeltliche Wertabgaben";"Passivkonto"
"1890";"Privateinlagen";"Passivkonto"
"1900";"Privatentnahmen allgemein";"Passivkonto"
"1910";"Privatsteuern";"Passivkonto"
"1920";"Sonderausgaben beschränkt abzugsfähig";"Passivkonto"
"1930";"Sonderausgaben unbeschränkt abzugsfähig";"Passivkonto"
"1940";"Zuwendungen, Spenden";"Passivkonto"
"1950";"Außergewöhnliche Belastungen";"Passivkonto"
"1960";"Grundstücksaufwand";"Passivkonto"
"1970";"Grundstücksertrag";"Passivkonto"
"1980";"Unentgeltliche Wertabgaben";"Passivkonto"
"1990";"Privateinlagen";"Passivkonto"
"2000";"Außerordentliche Aufwendungen";"Kostenkonto"
"2001";"Ao. Aufwendungen finanzwirksam";"Kostenkonto"
"2005";"Ao. Aufwendungen nicht finanzwirksam";"Kostenkonto"
"2010";"Betriebsfremde Aufwendungen";"Kostenkonto"
"2020";"Periodenfremde Aufwendungen";"Kostenkonto"
"2100";"Zinsen und ähnliche Aufwendungen";"Kostenkonto"
"2103";"Abzugsfäh. and. Nebenleist. zu Steuern";"Kostenkonto"
"2104";"Nicht abzugsfäh.and.Nebenleist.z.Steuern";"Kostenkonto"
"2107";"Zinsaufw. § 233a AO betriebliche Steuern";"Kostenkonto"
"2108";"Zinsaufwendungen §§ 233a bis 237 AO";"Kostenkonto"
"2109";"Zinsaufwendungen an verb.Unternehmen";"Kostenkonto"
"2110";"Zinsaufwendungen f.kfr.Verbindlichkeit.";"Kostenkonto"
"2113";"Nicht abzugsfähige Schuldzinsen gemäß §4Abs.4a";"Kostenkonto"
"2114";"Nicht abzugsfähige Schuldzinsen gemäß P. 4 Abs.4a";"Kostenkonto"
"2115";"Zinsen, Aufwendung.100/50% n. abzugsf.";"Kostenkonto"
"2116";"Zinsen, Aufw. verb. UN 100/50% n.abzugsf";"Kostenkonto"
"2118";"In Dauerschuldz. umqual.Zins. kfr.Verb.";"Kostenkonto"
"2119";"Zinsaufwend. f.kfr. Verb.an verbund. UN";"Kostenkonto"
"2120";"Zinsaufwendungen f.lfr.Verbindlichkeit.";"Kostenkonto"
"2125";"Zinsaufwendungen f. Gebäude d. zum Betribsvermögen";"Kostenkonto"
"2126";"Zinsen zur Finanzierung Anlagevermögen";"Kostenkonto"
"2127";"Renten/dauer. Lasten Grd./Erw. §8 GewStG";"Kostenkonto"
"2128";"Zinsen a.Mituntern. f. lfr. Kap.§15 EStG";"Kostenkonto"
"2129";"Zinsaufw. für lfr. Verbindlichk.verb.UN";"Kostenkonto"
"2130";"Diskontaufwendungen";"Kostenkonto"
"2139";"Diskontaufwendungen an verbundene UN";"Kostenkonto"
"2140";"Zinsähnliche Aufwendungen";"Kostenkonto"
"2149";"Zinsähnliche Aufwendungen an verb.UN";"Kostenkonto"
"2150";"Aufwendungen aus Kursdifferenzen";"Kostenkonto"
"2165";"Aufw. aus Währungsumstellung auf Euro";"Kostenkonto"
"2166";"Aufwendg. Bewertung Finanzmittelfonds";"Kostenkonto"
"2170";"Nicht abziehbare Vorsteuer";"Kostenkonto"
"2171";"Nicht abziehbare Vorsteuer 7%";"Kostenkonto"
"2175";"Nicht abziehbare Vorsteuer 16%";"Kostenkonto"
"2176";"Nicht abziehbare Vorsteuer 19%";"Kostenkonto"
"2200";"Körperschaftsteuer";"Kostenkonto"
"2203";"Körperschaftsteuer für Vorjahre";"Kostenkonto"
"2204";"Körperschaftsteuererstattungen für Vorjahre";"Kostenkonto"
"2205";"Körperschaftsteuer auf Kapitalerträge";"Kostenkonto"
"2208";"Solidaritätszuschlag";"Kostenkonto"
"2209";"Solidaritätszuschlag für Vorjahre";"Kostenkonto"
"2210";"Kapitalertragsteuer 25%";"Kostenkonto"
"2212";"Kapitalertragsteuer 20%";"Kostenkonto"
"2213";"SolZ auf Kapitalertragsteuer 25%";"Kostenkonto"
"2214";"SolZ auf Kapitalertragsteuer 20%";"Kostenkonto"
"2215";"Zinsabschlagsteuer";"Kostenkonto"
"2218";"Solidaritätszuschl. auf Zinsabschlagst.";"Kostenkonto"
"2220";"Vermögensteuer";"Kostenkonto"
"2223";"Vermögensteuer für Vorjahre";"Kostenkonto"
"2280";"Steuernachzahlg. VJ Einkommen und Ertrag";"Kostenkonto"
"2282";"Erstattung VJ für EK-/Ertragsteuern";"Kostenkonto"
"2284";"Auflösung Rückstellung/EE-Steuern";"Kostenkonto"
"2285";"Steuernachzahlg. VJ sonstige Steuern";"Kostenkonto"
"2287";"Erstattung VJ für sonstige Steuern";"Kostenkonto"
"2289";"Auflösung Rückstellung sonst. Steuern";"Kostenkonto"
"2300";"Sonstige Aufwendungen";"Kostenkonto"
"2307";"Sonst.Aufwendungen, betriebsfr.u.regelm.";"Kostenkonto"
"2309";"Sonstige Aufwendungen unregelmäßig";"Kostenkonto"
"2310";"Abgang Sachanlagevermögen RBW Buchverlust";"Kostenkonto"
"2311";"Abgänge immat. Vermögensgegenst. RBW";"Kostenkonto"
"2312";"Abgänge Finanzanlagen RBW";"Kostenkonto"
"2313";"Abgang Finanzanl. 100/50% n. abz. RBW";"Kostenkonto"
"2315";"Abgang Sachanlagevermögen RBW Buchgewinn";"Kostenkonto"
"2316";"Abgänge immat. Vermögensgegenst. RBW";"Kostenkonto"
"2317";"Abgänge Finanzanlagen Restbuchwert";"Kostenkonto"
"2318";"Abgang Finanzanl. 100/50% st.frei RBW";"Kostenkonto"
"2320";"Verluste aus Anlagenabgang";"Kostenkonto"
"2323";"Verlust Veräuß.Ant. KapGes 100/50% n.abz";"Kostenkonto"
"2325";"Verluste aus Abgang von Umlaufvermögen";"Kostenkonto"
"2340";"Einstellungen SoPo mit Rücklage-Anteil";"Kostenkonto"
"2341";"Einstellungen SoPo Ansparabschreibungen";"Kostenkonto"
"2345";"Einstellungen SoPo mit Rücklage-Anteil";"Kostenkonto"
"2348";"Aufwend. Zuschreibung  Verbindlichk.";"Kostenkonto"
"2349";"Aufwend. Zuschreibung Rückstellungen";"Kostenkonto"
"2350";"Grundstücksaufwendungen";"Kostenkonto"
"2358";"Grundstücksaufw. f. Gebäude nicht Betriebsvermögen";"Kostenkonto"
"2375";"Grundsteuer";"Kostenkonto"
"2378";"Grundsteuer f. Gebäude nicht Betriebsvermögen";"Kostenkonto"
"2380";"Zuwendungen,Spenden steuerl. n. abziehb.";"Kostenkonto"
"2381";"Zuwendg.Spenden wissensch./kult. Zweck";"Kostenkonto"
"2382";"Zuwendungen,Spenden mildtätige Zwecke";"Kostenkonto"
"2383";"Zuwendungen,Spenden kirchl./rel./gemein.";"Kostenkonto"
"2384";"Zuwendungen,Spenden an politische Partei";"Kostenkonto"
"2385";"Nicht abziehbare AR-Vergütungen";"Kostenkonto"
"2386";"Abziehbare Aufsichtsratsvergütung";"Kostenkonto"
"2387";"Zuwendg. an Stiftg. gem. § 52/2/1-3 AO";"Kostenkonto"
"2388";"Zuwendg. an Stiftg. gem. § 52/2/4 AO";"Kostenkonto"
"2389";"Zuwendg. an Stiftg. kirchl./rel./gemein.";"Kostenkonto"
"2390";"Zuwendg. an Stiftg. wiss./mildt./kultur.";"Kostenkonto"
"2400";"Forderungsverluste";"Erlöskonto"
"2401";"Forderungsverluste 7% USt";"Erlöskonto"
"2402";"Forder.verlust aus stfr. EG-Lieferungen";"Erlöskonto"
"2403";"Forderungsverluste EG-Lieferungen 7%";"Erlöskonto"
"2404";"Forderungsverlust EG-Lieferung 16% USt";"Erlöskonto"
"2405";"Forderungsverluste 16% USt";"Erlöskonto"
"2406";"Forderungsverluste 19% USt (übliche Höhe)";"Erlöskonto"
"2407";"Forderungsverluste 15% USt";"Erlöskonto"
"2408";"Forderungsverl. a. im Inl. steuerpfl. EG-Lief. 19%";"Erlöskonto"
"2409";"Forderungsverluste EG-Lieferung 15% USt";"Erlöskonto"
"2430";"Forderungsverluste";"Erlöskonto"
"2450";"Einstellung in die PWB zu Forderungen";"Kostenkonto"
"2451";"Einstellung in die EWB zu Forderungen";"Kostenkonto"
"2490";"Aufwendungen aus Verlustübernahme";"Kostenkonto"
"2492";"Abgef. Gewinne / Gewinngemeinschaft";"Kostenkonto"
"2493";"Abgef. Gewinne stille Gesellschafter §8";"Kostenkonto"
"2494";"Abgef. Gewinne / Gewinn-/Teilgewinnabf.";"Kostenkonto"
"2495";"Einstellungen Kapitalrücklage";"Kostenkonto"
"2496";"Einstellung gesetzliche Rücklage";"Kostenkonto"
"2497";"Einstellungen satzungsmäßige Rückl.";"Kostenkonto"
"2498";"Einstellung Rücklage eigene Anteile";"Kostenkonto"
"2499";"Einstellung in andere Gewinnrücklagen";"Kostenkonto"
"2500";"Außerordentliche Erträge";"Erlöskonto"
"2501";"Ao. Erträge finanzwirksam";"Erlöskonto"
"2505";"Ao. Erträge nicht finanzwirksam";"Erlöskonto"
"2510";"Betriebsfremde Erträge";"Erlöskonto"
"2520";"Periodenfremde Erträge";"Erlöskonto"
"2600";"Erträge aus Beteiligungen";"Erlöskonto"
"2615";"Erträge a. Beteiligungen 100/50% stfr";"Erlöskonto"
"2616";"Erträge a.Beteilig. verb.UN 100/50% stfr";"Erlöskonto"
"2617";"Gewinne a. Anteilen inl. Kapitalgesells.";"Erlöskonto"
"2618";"Gewinnant. aus Mituntern.sch.§9 GewStG";"Erlöskonto"
"2619";"Erträge a.Beteilig. an verbundenen UN";"Erlöskonto"
"2620";"Erträge Wertpapiere/Ausleihungen FAV";"Erlöskonto"
"2625";"Erträge a.Beteilig.FAV 100/50% stfr";"Erlöskonto"
"2626";"Erträge a.Beteilig. verb.UN 100/50% stfr";"Erlöskonto"
"2649";"Erträge Wertpapiere/FAV-Ausl.verb.UN";"Erlöskonto"
"2650";"Sonstige Zinsen und ähnliche Erträge";"Erlöskonto"
"2655";"Erträge a.Beteilig.UV 100/50% stfr";"Erlöskonto"
"2656";"Erträge a.Beteilig. verb.UN 100/50% stfr";"Erlöskonto"
"2657";"Zinserträge §233 a AO betriebl. Steuern";"Erlöskonto"
"2658";"Zinserträge §233 a AO KSt/Vermögenst.";"Erlöskonto"
"2659";"Sonst. Zinsen u.ä. Erträge aus verb.UN";"Erlöskonto"
"2660";"Erträge aus Kursdifferenzen";"Erlöskonto"
"2665";"Erträge a. Währungsumstellung auf Euro";"Erlöskonto"
"2666";"Erträge Bewertung Finanzmittelfonds";"Erlöskonto"
"2670";"Diskonterträge";"Erlöskonto"
"2679";"Diskonterträge verbundene Unternehmen";"Erlöskonto"
"2680";"Zinsähnliche Erträge";"Erlöskonto"
"2689";"Zinsähnliche Erträge verbundene UN";"Erlöskonto"
"2700";"Sonstige Erträge";"Erlöskonto"
"2705";"Sonstige betriebl. regelm. Erträge";"Erlöskonto"
"2707";"Sonstige betriebsfr.regelm. Erträge";"Erlöskonto"
"2709";"Sonstige Erträge unregelmäßig";"Erlöskonto"
"2710";"Erträge Zuschreibg. Sachanlagevermögen";"Erlöskonto"
"2711";"Erträge Zuschreibg. immat. Anlagevermög.";"Erlöskonto"
"2712";"Erträge Zuschreibg. Finanzanlagevermögen";"Erlöskonto"
"2713";"Erträge Zuschreibg. FAV 100/50% steuerfr";"Erlöskonto"
"2714";"Erträge Zuschreibg. AV 100/50% steuerfr.";"Erlöskonto"
"2715";"Erträge Zuschreibung Umlaufvermögen";"Erlöskonto"
"2716";"Erträge Zuschreibg. UV 100/50% steuerfr.";"Erlöskonto"
"2720";"Erträge aus Abgang von AV-Gegenständen";"Erlöskonto"
"2723";"Erträge Veräuß.Ant. KapGes 100/50% stfr.";"Erlöskonto"
"2725";"Erträge aus Abgang von UV-Gegenständen";"Erlöskonto"
"2730";"Erträge aus Herabsetzung PWB zu Ford.";"Erlöskonto"
"2731";"Erträge aus Herabsetzung EWB zu Ford.";"Erlöskonto"
"2732";"Erträge aus abgeschriebenen Forderg.";"Erlöskonto"
"2734";"Erträge Bewertung Verbindlichkeiten";"Erlöskonto"
"2735";"Erträge Auflösung von Rückstellungen";"Erlöskonto"
"2736";"Erträge steuerl. Bewertung Rückstellung";"Erlöskonto"
"2737";"Erträge Aufl. SoPo mit Rückl.ant. Euro";"Erlöskonto"
"2738";"Ertr. Aufl. SoPo m. Rückl.ant.§52/16EStG";"Erlöskonto"
"2739";"Erträge Auflösung SoPo Ansparabschreib";"Erlöskonto"
"2740";"Erträge a.d.Aufl.v.S.m. Rücklageanteil";"Erlöskonto"
"2741";"Erträge Auflösung SoPo m. Rücklageant.";"Erlöskonto"
"2742";"Versicherungsentschädigungen";"Erlöskonto"
"2743";"Investitionszuschüsse";"Erlöskonto"
"2744";"Investitionszulage";"Erlöskonto"
"2745";"Erträge a. Kapitalherabsetzung";"Erlöskonto"
"2746";"Steuerfreie Erträge Auflösung Sonserposten";"Erlöskonto"
"2747";"Sonstige steuerfreie Betriebseinnahmen";"Erlöskonto"
"2750";"Grundstückserträge";"Erlöskonto"
"2780";"Steuererstattung Vorjahre für Einkommen u. Ertrag";"Erlöskonto"
"2785";"Steuererstattung Vorjahre sonstige Steuern";"Erlöskonto"
"2790";"Erträge aus Verlustübernahme";"Erlöskonto"
"2792";"Gewinne auf Grund Gewinngemeinschaft";"Erlöskonto"
"2794";"Gewinne auf Grund Gewinn/Teilgewinnabf";"Erlöskonto"
"2795";"Entnahmen aus Kapitalrücklagen";"Erlöskonto"
"2796";"Entnahmen aus der gesetzl. Rücklage";"Erlöskonto"
"2797";"Entnahmen aus satzungsm.Rücklagen";"Erlöskonto"
"2798";"Entnahmen a.d.Rücklage f.eig.Anteile";"Erlöskonto"
"2799";"Entnahmen aus anderen Gewinnrücklagen";"Erlöskonto"
"2860";"Gewinnvortrag nach Verwendung";"Erlöskonto"
"2862";"Gewinnvortrag 40% Vorbelastung";"Erlöskonto"
"2864";"Gewinnvortrag (steuerliches Einlagekto)";"Erlöskonto"
"2866";"Gewinnvortrag 0% Vorbelastung EK02";"Erlöskonto"
"2868";"Verlustvortrag nach Verwendung";"Erlöskonto"
"2869";"Vortrag auf neue Rechnung (GuV)";"Erlöskonto"
"2870";"Vorabausschüttung";"Erlöskonto"
"2890";"Verrechneter kalkul.Unternehmerlohn";"Kostenkonto"
"2891";"Verrechnete kalkul. Miete und Pacht";"Kostenkonto"
"2892";"Verrechnete kalkulatorische Zinsen";"Kostenkonto"
"2893";"Verrechnete kalkul. Abschreibungen";"Kostenkonto"
"2894";"Verrechnete kalkulatorische Wagnisse";"Kostenkonto"
"2895";"Verrechneter kalk. Lohn, unentgeltl. AN";"Kostenkonto"
"2990";"Aufw./Erträge aus Umrechnungsdifferenz";"Statistikkonto"
"3000";"Roh-, Hilfs- und Betriebsstoffe";"Kostenkonto"
"3090";"Energiestoffe";"Kostenkonto"
"3100";"Fremdleistungen";"Kostenkonto"
"3110";"Leistungen ausl. UN 7% Vorsteuer 7% USt";"Kostenkonto"
"3115";"Erhaltene Leistungen nach § 13b, 7% VSt, 7% Ust";"Kostenkonto"
"3120";"Bauleistungen Inland,19% VSt 19% USt";"Kostenkonto"
"3121";"Bauleistungen Inland,19% VSt 19% USt";"Kostenkonto"
"3122";"Bauleistungen Inland,16% VSt 16% USt";"Kostenkonto"
"3125";"Leistungen Ausland, 19% VSt, 19% USt";"Kostenkonto"
"3126";"Leistungen Ausland, 19% VSt, 19% USt";"Kostenkonto"
"3127";"Leistungen Ausland, 16% VSt, 16% USt";"Kostenkonto"
"3130";"Leistungen ausl. UN ohne Vorst. 7% USt";"Kostenkonto"
"3135";"Erhaltene Leistungen nach § 13b, 0% VSt, 7% Ust";"Kostenkonto"
"3140";"Bauleistungen Inland ohne Vorst. 19% USt";"Kostenkonto"
"3141";"Bauleistungen Inland ohne Vorst. 19% USt";"Kostenkonto"
"3142";"Bauleistungen Inland ohne Vorst. 16% USt";"Kostenkonto"
"3145";"Leistungen Ausland, ohne VSt, 19%USt";"Kostenkonto"
"3146";"Leistungen Ausland, ohne VSt, 19%USt";"Kostenkonto"
"3147";"Leistungen Ausland, ohne VSt, 16%USt";"Kostenkonto"
"3150";"Leist. v. ausländischen Unternehmen (Nullregelung)";"Kostenkonto"
"3151";"Erhaltene Skonti § 13b, 19% VSt, 19% USt";"Kostenkonto"
"3200";"Wareneingang";"Kostenkonto"
"3300";"Wareneingang 7% Vorsteuer";"Kostenkonto"
"3340";"Wareneingang 16 % Vorsteuer";"Kostenkonto"
"3400";"Wareneingang 19% Vorsteuer";"Kostenkonto"
"3410";"Wareneingang 16 % Vorsteuer";"Kostenkonto"
"3420";"EG-Erwerb 7% Vorsteuer und 7% USt";"Kostenkonto"
"3425";"EG-Erwerb 19% Vorsteuer 19% USt";"Kostenkonto"
"3430";"EG-Erwerb ohne Vorsteuer und 7% USt";"Kostenkonto"
"3431";"EG Erwerb 16% Vorsteuer und 16% USt";"Kostenkonto"
"3433";"EG Erwerb 16% Vorsteuer und 16% USt";"Kostenkonto"
"3435";"EG-Erwerb ohne Vorsteuer und 19% USt";"Kostenkonto"
"3436";"EG Erwerb o. Vorsteuerabz. 16 % USt";"Kostenkonto"
"3437";"Innergem. Erwerb o. Vorsteuerabz. 15 % USt";"Kostenkonto"
"3440";"EG-Erw. Nfz o.UStID 19% VSt, 19%USt";"Kostenkonto"
"3441";"EG-Erw. Nfz o.UStID 16% VSt, 16%USt";"Kostenkonto"
"3500";"Wareneingang 5% Vorsteuer";"Kostenkonto"
"3505";"Wareneingang 5,5% Vorsteuer";"Kostenkonto"
"3520";"Wareneingang 8% Vorsteuer";"Kostenkonto"
"3530";"Wareneingang 9% Vorsteuer";"Kostenkonto"
"3535";"Wareneingang 10% Vorsteuer";"Kostenkonto"
"3540";"Wareneingang 10,7% Vorsteuer";"Kostenkonto"
"3550";"Steuerfreier EG - Erwerb";"Kostenkonto"
"3559";"Steuerfreier Einfuhren";"Kostenkonto"
"3560";"Waren aus Umsatzsteuerlager §13a UStG 7%";"Kostenkonto"
"3565";"Waren aus Umsatzsteuerlager §13a UStG 19%";"Kostenkonto"
"3566";"Waren aus Umsatzsteuerlager §13a UStG 16%";"Kostenkonto"
"3600";"Nicht abziehbare Vorsteuer";"Kostenkonto"
"3610";"Nicht abziehbare Vorsteuer 7%";"Kostenkonto"
"3650";"Nicht abziehbare Vorsteuer 16%";"Kostenkonto"
"3660";"Nicht abziehbare Vorsteuer 19%";"Kostenkonto"
"3700";"Nachlässe";"Kostenkonto"
"3710";"Nachlässe 7% Vorsteuer";"Kostenkonto"
"3720";"Nachlässe 19% Vorsteuer";"Kostenkonto"
"3722";"Nachlässe 16% Vorsteuer";"Kostenkonto"
"3723";"Nachlässe 15% Vorsteuer";"Kostenkonto"
"3724";"Nachl. a. EG-Erwerb 7% Vorsteuer/USt";"Kostenkonto"
"3725";"Nachl. a. EG-Erwerb 19% Vorsteuer/USt";"Kostenkonto"
"3726";"Nachl. a. EG-Erwerb 16% VSt u. 16% USt";"Kostenkonto"
"3727";"Nachl. a. EG-Erwerb 15% Vorsteuer/USt";"Kostenkonto"
"3730";"Erhaltene Skonti";"Kostenkonto"
"3731";"Erhaltene Skonti 7% Vorsteuer";"Kostenkonto"
"3735";"Erhaltene Skonti 16% Vorsteuer";"Kostenkonto"
"3736";"Erhaltene Skonti 19% Vorsteuer";"Kostenkonto"
"3748";"Erhaltene Skonti EG-Erwerb 19% VSt, 19% USt";"Kostenkonto"
"3750";"Erhaltene Boni 7% Vorsteuer";"Kostenkonto"
"3760";"Erhaltene Boni 19% Vorsteuer";"Kostenkonto"
"3762";"Erhaltene Boni 16% Vorsteuer";"Kostenkonto"
"3764";"Erhaltene Boni 16% Vorsteuer";"Kostenkonto"
"3770";"Erhaltene Rabatte";"Kostenkonto"
"3780";"Erhaltene Rabatte 7% Vorsteuer";"Kostenkonto"
"3790";"Erhaltene Rabatte 19% Vorsteuer";"Kostenkonto"
"3792";"Erhaltene Rabatte 16% Vorsteuer";"Kostenkonto"
"3794";"Erhaltene Rabatte 16% Vorsteuer";"Kostenkonto"
"3800";"Bezugsnebenkosten";"Kostenkonto"
"3830";"Leergut";"Kostenkonto"
"3850";"Zölle und Einfuhrabgaben";"Kostenkonto"
"3960";"Bestandsveränd.RHB-Stoffe/bezogene Ware";"Kostenkonto"
"3970";"Bestand Roh-,Hilfs- und Betriebsstoffe";"Aktivkonto"
"3980";"Bestand Waren";"Aktivkonto"
"3990";"Verrechnete Stoffkosten";"Kostenkonto"
"4000";"Material- und Stoffverbrauch";"Kostenkonto"
"4100";"Löhne und Gehälter";"Kostenkonto"
"4110";"Löhne";"Kostenkonto"
"4120";"Gehälter";"Kostenkonto"
"4124";"Geschäftsführergehälter GmbH-Gesells.";"Kostenkonto"
"4125";"Ehegattengehalt";"Kostenkonto"
"4126";"Tantiemen";"Kostenkonto"
"4127";"Geschäftsführergehälter";"Kostenkonto"
"4128";"Vergütg. angestellte Mituntern. §15 EStG";"Kostenkonto"
"4130";"Gesetzliche Sozialaufwendungen";"Kostenkonto"
"4137";"Ges. soz. Aufwendg. Mituntern. §15 EStG";"Kostenkonto"
"4138";"Beiträge zur Berufsgenossenschaft";"Kostenkonto"
"4139";"Ausgleichsabgabe SchwerbehindertenG";"Kostenkonto"
"4140";"Freiwillige soziale Aufwendung. LSt-frei";"Kostenkonto"
"4145";"Freiwillige soziale Aufwendung. LSt-pfl.";"Kostenkonto"
"4149";"Pauschale Lohnsteuer f. Zuschüsse";"Kostenkonto"
"4150";"Krankengeldzuschüsse";"Kostenkonto"
"4160";"Versorgungskassen";"Kostenkonto"
"4165";"Aufwendungen für Altersversorgung";"Kostenkonto"
"4167";"Pauschale Lohnsteuer f. Versicherg";"Kostenkonto"
"4168";"Aufw. Altersversorg. Mituntern. §15 EStG";"Kostenkonto"
"4169";"Aufwendungen für Unterstützung";"Kostenkonto"
"4170";"Vermögenswirksame Leistungen";"Kostenkonto"
"4175";"Fahrtkostenerstatt. Whg./Arbeitsstätte";"Kostenkonto"
"4180";"Bedienungsgelder";"Kostenkonto"
"4190";"Aushilfslöhne";"Kostenkonto"
"4199";"Pauschale Lohnsteuer f. Aushilfen";"Kostenkonto"
"4200";"Raumkosten";"Kostenkonto"
"4210";"Miete";"Kostenkonto"
"4218";"GewStl. zu berücks. Miete §8 GewStG";"Kostenkonto"
"4219";"Vergütung Mituntern. Miete WG § 15 EStG";"Kostenkonto"
"4220";"Pacht";"Kostenkonto"
"4228";"GewStl. zu berücks. Pacht §8 GewStG";"Kostenkonto"
"4229";"Vergütung Mituntern. Pacht WG § 15 EStG";"Kostenkonto"
"4230";"Heizung";"Kostenkonto"
"4240";"Gas, Strom, Wasser";"Kostenkonto"
"4248";"Gas, Strom, Wasser  f. Gebäude nicht Betriebsverm.";"Kostenkonto"
"4250";"Reinigung";"Kostenkonto"
"4258";"Reinigung in Gebäuden nicht Betriebsvermögen";"Kostenkonto"
"4260";"Instandhaltung betrieblicher Räume";"Kostenkonto"
"4268";"Instandhaltung betriebl.Räume n. Betriebsvermögen";"Kostenkonto"
"4270";"Abgaben betrieblich genutzt. Grundbesitz";"Kostenkonto"
"4278";"Abgaben betriebl. genutzt. Grundb.n. Betriebsver.";"Kostenkonto"
"4280";"Sonstige Raumkosten";"Kostenkonto"
"4286";"Sonstige Raumkosten die nicht zum Betriebsvermögen";"Kostenkonto"
"4288";"Aufwendungen für ein häusliches Arbeitszimmer";"Kostenkonto"
"4289";"Aufw. f.ein häusl. Arbeitszimmer nicht abz. Anteil";"Kostenkonto"
"4300";"Nicht abziehbare Vorsteuer";"Kostenkonto"
"4301";"Nicht abziehbare Vorsteuer 7%";"Kostenkonto"
"4305";"Nicht abziehbare Vorsteuer 16%";"Kostenkonto"
"4306";"Nicht abziehbare Vorsteuer 19%";"Kostenkonto"
"4320";"Gewerbesteuer";"Kostenkonto"
"4330";"Gewerbeertragsteuer";"Kostenkonto"
"4335";"Gewerbekapitalsteuer";"Kostenkonto"
"4340";"Sonstige Betriebssteuern";"Kostenkonto"
"4350";"Verbrauchsteuer";"Kostenkonto"
"4355";"Ökosteuer";"Kostenkonto"
"4360";"Versicherungen";"Kostenkonto"
"4366";"Versicherung. f. Gebäude die zum Betriebsvermögen";"Kostenkonto"
"4368";"Versicher. f. Gebäude d. nicht z. Betriebsvermögen";"Kostenkonto"
"4370";"Prämie Rückdeckung f. Versorgungsleistg";"Kostenkonto"
"4380";"Beiträge";"Kostenkonto"
"4390";"Sonstige Abgaben";"Kostenkonto"
"4396";"Abzugsf.Verspätungszuschlag/Zwangsgeld";"Kostenkonto"
"4397";"Nicht abzf.Verspät.zuschlag/Zwangsgeld";"Kostenkonto"
"4400";"(zur freien Verfügung)";"Kostenkonto"
"4500";"Fahrzeugkosten";"Kostenkonto"
"4510";"Kfz-Steuern";"Kostenkonto"
"4520";"Kfz-Versicherungen";"Kostenkonto"
"4530";"Laufende Kfz-Betriebskosten";"Kostenkonto"
"4540";"Kfz-Reparaturen";"Kostenkonto"
"4550";"Garagenmieten";"Kostenkonto"
"4560";"Mautgebühren";"Kostenkonto"
"4570";"Fremdfahrzeuge";"Kostenkonto"
"4580";"Sonstige Kfz-Kosten";"Kostenkonto"
"4590";"Kfz-Kosten Betriebl. genutzt ( KFZ Privatvermögen";"Kostenkonto"
"4595";"Fremdfahrzeugkosten";"Kostenkonto"
"4600";"Werbe-u.Reisekosten";"Kostenkonto"
"4610";"Werbekosten";"Kostenkonto"
"4630";"Geschenke bis 40 Euro";"Kostenkonto"
"4635";"Geschenke über 40 Euro";"Kostenkonto"
"4638";"Geschenke ausschließlich betrieblich genutzt";"Kostenkonto"
"4640";"Repräsentationskosten";"Kostenkonto"
"4650";"Bewirtungskosten";"Kostenkonto"
"4651";"Sonstige eingeschränkt abziehbare Betriebausgaben";"Kostenkonto"
"4652";"Sonst. einges. abzieh. Betriebausg. n. abz. Anteil";"Kostenkonto"
"4653";"Aufmerksamkeiten";"Kostenkonto"
"4654";"Nicht abzugsfähige Bewirtungskosten";"Kostenkonto"
"4655";"Nicht abzugsfähige Betriebsausgaben";"Kostenkonto"
"4660";"Reisekosten Arbeitnehmer";"Kostenkonto"
"4663";"Reisekosten mit Vorsteuer AN";"Kostenkonto"
"4664";"Reisekosten AN Verpfleg.mehraufwand";"Kostenkonto"
"4666";"Reisekosten AN Übernachtungsaufwand";"Kostenkonto"
"4667";"Reisekosten Arbeitnehmer";"Kostenkonto"
"4668";"Kilometergelderstattung Arbeitnehmer";"Kostenkonto"
"4670";"Reisekosten Unternehmer";"Kostenkonto"
"4673";"Reisekosten mit Vorsteuer UN";"Kostenkonto"
"4674";"Reisekosten UN Verpfleg.mehraufwand";"Kostenkonto"
"4675";"Reisekosten Unternehmer";"Kostenkonto"
"4676";"Reisekosten UN Übernachtungsaufwand";"Kostenkonto"
"4677";"Reisekosten Unternehmer";"Kostenkonto"
"4678";"Kilometergelderstattung Unternehmer";"Kostenkonto"
"4680";"Fahrten zwischen Wohnung und Arbeitsstätte";"Kostenkonto"
"4685";"Km-Geld-Erstattung";"Kostenkonto"
"4700";"Kosten Warenabgabe";"Kostenkonto"
"4710";"Verpackungsmaterial";"Kostenkonto"
"4730";"Ausgangsfrachten";"Kostenkonto"
"4750";"Transportversicherungen";"Kostenkonto"
"4760";"Verkaufsprovisionen";"Kostenkonto"
"4780";"Fremdarbeiten";"Kostenkonto"
"4790";"Aufwand für Gewährleistungen";"Kostenkonto"
"4800";"Reparatur/Instandh. Anlagen u. Maschinen";"Kostenkonto"
"4805";"Reparatur/Instandh. Betriebs- u. Gesch.";"Kostenkonto"
"4806";"Wartungskosten für Hard- und Software";"Kostenkonto"
"4809";"Sonst. Reparaturen und Instandhaltungen";"Kostenkonto"
"4810";"Mietleasing";"Kostenkonto"
"4814";"GewStl. zu berücks. Mietleas. §8 GewStG";"Kostenkonto"
"4815";"Kaufleasing";"Kostenkonto"
"4820";"Abschreibung Ingangsetzung, Erweiterung";"Kostenkonto"
"4821";"Abschreib. a. Aufw. Währungsumst. Euro";"Kostenkonto"
"4822";"Abschreibung immaterielle VermG";"Kostenkonto"
"4824";"Abschr. Geschäfts- oder Firmenwert";"Kostenkonto"
"4826";"Apl. Abschreibungen immaterielle VermG";"Kostenkonto"
"4830";"Abschreibungen auf Sachanlagen";"Kostenkonto"
"4831";"Abschreibungen auf Gebäude";"Kostenkonto"
"4832";"Abschreibungen auf Kfz";"Kostenkonto"
"4840";"Apl. Abschreibungen auf Sachanlagen";"Kostenkonto"
"4841";"Absetz.f.auserg.Tech.u Wirtschaft Abnutzung Gebäud";"Kostenkonto"
"4842";"Absetz.f.auserg.Tech.u Wirtschaft Abnutzung Kfz";"Kostenkonto"
"4843";"Absetz.f.auserg.Tech.u Wirtschaft Abnutzung sonst.";"Kostenkonto"
"4850";"Abschreib.Sachanlagen/stl. So-Vorschr.";"Kostenkonto"
"4851";"Sonderabschreibung §7g Abs.1und 2 EStG ohne Kfz";"Kostenkonto"
"4852";"Sonderabschreibung §7g Abs.1und 2 EStG für Kfz";"Kostenkonto"
"4855";"Sofortabschreibung GWG";"Kostenkonto"
"4860";"Abschreibungen auf aktivierte GWG";"Kostenkonto"
"4865";"Apl. Abschreibungen auf aktivierte GWG";"Kostenkonto"
"4870";"Abschreibungen auf Finanzanlagen";"Kostenkonto"
"4871";"Abschreibg. Finanzanl. 100/50% n.abz.";"Kostenkonto"
"4872";"Abschr.Verl.Ant.Mituntern.sch.§8 GewStG";"Kostenkonto"
"4873";"Abschr. auf Finanzanlagen steuerl. S-Vor";"Kostenkonto"
"4874";"Abschreib.Finanzanlagen/stl.So-Vorsch.";"Kostenkonto"
"4875";"Abschreibungen Wertpapiere des UV";"Kostenkonto"
"4876";"Abschreibg. Wertpap.UV 100/50% n.abz.";"Kostenkonto"
"4879";"Vorwegn.künft.Wertschwankg. b.Wertp.UV";"Kostenkonto"
"4880";"Abschreibungen auf Umlaufvermögen";"Kostenkonto"
"4882";"Abschreibungen auf UV, steuerr. bedingt";"Kostenkonto"
"4885";"Vorwegnahme künftiger UV-Wertschwankg.";"Kostenkonto"
"4886";"Abschreibungen auf Umlaufvermögen";"Kostenkonto"
"4887";"Abschreibungen auf UV, steuerr. bedingt";"Kostenkonto"
"4890";"Vorwegnahme künftiger UV-Wertschwankg.";"Kostenkonto"
"4900";"Sonstige betriebliche Aufwendungen";"Kostenkonto"
"4905";"Sonstige betriebl.u.regelm.Aufwendungen";"Kostenkonto"
"4909";"Fremdleistungen";"Kostenkonto"
"4910";"Porto";"Kostenkonto"
"4920";"Telefon";"Kostenkonto"
"4925";"Telefax";"Kostenkonto"
"4930";"Bürobedarf";"Kostenkonto"
"4940";"Zeitschriften, Bücher";"Kostenkonto"
"4945";"Fortbildungskosten";"Kostenkonto"
"4946";"Freiwillige Sozialleistungen";"Kostenkonto"
"4948";"Vergütg.freiberufl. Mituntern. § 15 EStG";"Kostenkonto"
"4949";"Haftungsvergütung an Mitunternehmer";"Kostenkonto"
"4950";"Rechts- und Beratungskosten";"Kostenkonto"
"4955";"Buchführungskosten";"Kostenkonto"
"4957";"Abschluss- und Prüfungskosten";"Kostenkonto"
"4960";"Mieten für Einrichtungen";"Kostenkonto"
"4965";"Mietleasing";"Kostenkonto"
"4966";"Gewerbesteuerl. zu berücksichtigendes Mietleasing";"Kostenkonto"
"4968";"GewStl. zu berücks. Miete Einr.§8 GewStG";"Kostenkonto"
"4969";"Aufwand Abraum-/Abfallbeseitigung";"Kostenkonto"
"4970";"Nebenkosten des Geldverkehrs";"Kostenkonto"
"4975";"Aufwendg. Anteile KapGes 100/50% n.abz";"Kostenkonto"
"4976";"Aufw. Veräuß. Ant. KapGes 100/50% n.abz";"Kostenkonto"
"4980";"Betriebsbedarf";"Kostenkonto"
"4985";"Werkzeuge und Kleingeräte";"Kostenkonto"
"4990";"Kalkulatorischer Unternehmerlohn";"Kostenkonto"
"4991";"Kalkulatorische Miete und Pacht";"Kostenkonto"
"4992";"Kalkulatorische Zinsen";"Kostenkonto"
"4993";"Kalkulatorische Abschreibungen";"Kostenkonto"
"4994";"Kalkulatorische Wagnisse";"Kostenkonto"
"4995";"Kalkulatorischer Lohn, unentgeltl. AN";"Kostenkonto"
"4996";"Herstellungskosten";"Kostenkonto"
"4997";"Verwaltungskosten";"Kostenkonto"
"4998";"Vertriebskosten";"Kostenkonto"
"4999";"Gegenkonto zu 4996 bis 4998";"Kostenkonto"
"7000";"Unfertige Erzeugnisse und Leistungen";"Aktivkonto"
"7050";"Unfertige Erzeugnisse";"Aktivkonto"
"7080";"Unfertige Leistungen";"Aktivkonto"
"7090";"In Ausführung befindl. Bauaufträge";"Aktivkonto"
"7095";"In Arbeit befindliche Aufträge";"Aktivkonto"
"7100";"Fertige Erzeugnisse und Waren";"Aktivkonto"
"7110";"Fertige Erzeugnisse";"Aktivkonto"
"7140";"Waren";"Aktivkonto"
"7833";"Erlöse a.i.and. EG-Land steuerpfl. sonst.Liefer.";"Erlöskonto"
"8000";"(Zur freien Verfügung)";"Erlöskonto"
"8100";"Steuerfreie Umsätze §4 Nr. 8 ff UStG";"Erlöskonto"
"8110";"Sonstige steuerfr. Umsätze Inland";"Erlöskonto"
"8120";"Steuerfreie Umsätze § 4 Nr. 1a UStG";"Erlöskonto"
"8125";"Steuerfreie EG-Lieferungen §4, 1b UStG";"Erlöskonto"
"8128";"Steuerfreie innergem. Lieferung, aktive Lohnver.";"Erlöskonto"
"8130";"Innergemeinschaftl. Dreiecksgeschäft";"Erlöskonto"
"8135";"Steuerfr. EG-Lief.v.Neufahrzg.ohne UStID";"Erlöskonto"
"8140";"Steuerfreie Umsätze Offshore usw.";"Erlöskonto"
"8150";"Steuerfreie Umsätze § 4 Nr. 2-7 UStG";"Erlöskonto"
"8190";"Erlöse mit Durchschnittssätzen §24 UStG versteuert";"Erlöskonto"
"8192";"Erlöse aus Geldspielautomaten 15% USt (Faktor 2,5)";"Erlöskonto"
"8195";"Erlöse aus Geldspielautomaten 16% USt";"Erlöskonto"
"8196";"Erlöse Geldspielautomaten 19% USt";"Erlöskonto"
"8197";"Erlöse Geldspielautomaten 16% USt";"Erlöskonto"
"8200";"Erlöse";"Erlöskonto"
"8300";"Erlöse 7% USt";"Erlöskonto"
"8310";"Erlöse EG-Lieferungen 7% USt";"Erlöskonto"
"8315";"Erlöse aus im Inland steuerpfl. EG-Liefer. 19% USt";"Erlöskonto"
"8320";"Im anderen EG-Land stpfl. Lieferungen";"Erlöskonto"
"8330";"Erlöse aus im Inland steuerpfl. EG-Liefer. 16%";"Erlöskonto"
"8337";"Erlöse aus Leistungen nach § 13b";"Erlöskonto"
"8338";"Erlöse aus im Drittlandsteuerb. Leistungen, im In-";"Erlöskonto"
"8339";"Im anderen EG-Land stpfl. sonst. Leist.";"Erlöskonto"
"8340";"Erlöse 16% Umsatzsteuer";"Erlöskonto"
"8400";"Erlöse 19% Umsatzsteuer";"Erlöskonto"
"8410";"Erlöse 16% Umsatzsteuer";"Erlöskonto"
"8500";"Provisionserlöse";"Erlöskonto"
"8504";"Provisionserlöse, steuerfrei §4 Nr.8ff";"Erlöskonto"
"8505";"Provisionserlöse, steuerfrei § 4 Nr.5";"Erlöskonto"
"8506";"Provisionserlöse 7% USt";"Erlöskonto"
"8507";"Provisionserlöse 15% USt";"Erlöskonto"
"8508";"Provisionserlöse 16% USt";"Erlöskonto"
"8509";"Provisionserlöse 16% USt";"Erlöskonto"
"8518";"Provisionsumsätze 16% USt";"Erlöskonto"
"8519";"Provisionsumsätze 19% USt";"Erlöskonto"
"8520";"Erlöse Abfallverwertung";"Erlöskonto"
"8540";"Erlöse Leergut";"Erlöskonto"
"8578";"Provision, sonstige Umsätze 16% USt";"Erlöskonto"
"8579";"Provision, sonstige Umsätze 19% USt";"Erlöskonto"
"8590";"Verrechnete sonstige Sachbezüge";"Erlöskonto"
"8591";"Sachbezüge 7% USt";"Erlöskonto"
"8595";"Sachbezüge 19% USt (Waren)";"Erlöskonto"
"8596";"Sachbezüge 16% Umsatzsteuer (Waren)";"Erlöskonto"
"8597";"Sachbezüge 15% Umsatzsteuer (Waren)";"Erlöskonto"
"8600";"Sonst. Erlöse betr. u. regelmäßig";"Erlöskonto"
"8610";"Verrechnete sonstige Sachbezüge";"Erlöskonto"
"8611";"Verrechn. sonstige Sachbezüge 19% USt";"Erlöskonto"
"8612";"Verrechnete sonstige Sachbezüge 16% USt (z.B. KFZ)";"Erlöskonto"
"8613";"Verrechnete sonstige Sachbezüge 15% USt";"Erlöskonto"
"8614";"Verrechn. sonstige Sachbezüge ohne USt";"Erlöskonto"
"8625";"Sonst. Erlöse betr. u. regelmäßig stfr.";"Erlöskonto"
"8630";"Sonst. Erlöse betr. u. regelmäßig 7%";"Erlöskonto"
"8640";"Sonst. Erlöse betr. u. regelmäßig 19%";"Erlöskonto"
"8648";"Sonstige Erlöse betrieblich und regelm. 16% USt";"Erlöskonto"
"8650";"Erlöse Zinsen und Diskontspesen";"Erlöskonto"
"8660";"Erl.Zinsen /Diskontspesen aus verb.UN";"Erlöskonto"
"8700";"Erlösschmälerungen";"Erlöskonto"
"8705";"Erlösschmälerungen steuerfrei §4 Nr. 1a";"Erlöskonto"
"8710";"Erlösschmälerungen 7% USt";"Erlöskonto"
"8720";"Erlösschmälerungen 19% USt";"Erlöskonto"
"8723";"Erlösschmälerungen 16% Umsatzsteuer";"Erlöskonto"
"8724";"Erlösschmälerung EG-Lieferung steuerfrei";"Erlöskonto"
"8725";"Erlösschmälerung EG-Lieferung 7% USt";"Erlöskonto"
"8726";"Erlösschmälerung EG-Lieferung 19% USt";"Erlöskonto"
"8727";"Erlösschmäl.i.and. EG-Land stpfl. Lief.";"Erlöskonto"
"8728";"Erlösschm. a. i. Inl. steuerpfl. EG-Liefer. 16%";"Erlöskonto"
"8729";"Erlösschmälerung EG-Lieferung 16% USt";"Erlöskonto"
"8730";"Gewährte Skonti";"Erlöskonto"
"8731";"Gewährte Skonti 7% USt";"Erlöskonto"
"8736";"Gewährte Skonti 19% USt";"Erlöskonto"
"8748";"Gewährte Skonti EG-Lieferung 19% USt";"Erlöskonto"
"8750";"Gewährte Boni 7% USt";"Erlöskonto"
"8760";"Gewährte Boni 19% USt";"Erlöskonto"
"8762";"Gewährte Boni 16%  USt";"Erlöskonto"
"8764";"Gewährte Boni 16% USt";"Erlöskonto"
"8770";"Gewährte Rabatte";"Erlöskonto"
"8780";"Gewährte Rabatte 7% USt";"Erlöskonto"
"8790";"Gewährte Rabatte 19% USt";"Erlöskonto"
"8792";"Gewährte Rabatte 16% USt";"Erlöskonto"
"8794";"Gewährte Rabatte 16% USt";"Erlöskonto"
"8800";"Erlöse aus Anlagenverkäufen";"Erlöskonto"
"8801";"Erlöse Sachanlageverkäufe 19% USt (Buchverlust)";"Erlöskonto"
"8807";"Erlöse Verkäufen Sachanlagevermögen steuerfrei";"Erlöskonto"
"8808";"Erlöse Verkäufen Sachanlagevermögen steuerfrei";"Erlöskonto"
"8809";"Erlöse Sachanlageverkäufe 16% USt (Buchverlust)";"Erlöskonto"
"8810";"Erlöse aus Anlagenverk. 16% USt. (Buchverlust)";"Erlöskonto"
"8815";"Erlöse aus Anlagenverk. 15% USt. (Buchverlust)";"Erlöskonto"
"8817";"Erlöse Verkäufe immat.Vermögensgegenst";"Erlöskonto"
"8818";"Erlöse a. Verkäufen Finanzanlagen";"Erlöskonto"
"8819";"Erl. Verkauf Finanzanl. 100/50% n. abz.";"Erlöskonto"
"8820";"Erlöse Sachanlageverkäufe 19% USt (Buchgewinn)";"Erlöskonto"
"8826";"Erlöse Sachanlageverkäufe 16% USt (Buchgewinn)";"Erlöskonto"
"8827";"Erlöse  Verkäufen Sachanlagevermögen steuerfrei";"Erlöskonto"
"8828";"Erlöse Verkäufen Sachanlagevermögen steuerfrei";"Erlöskonto"
"8829";"Erlöse Anlagenverkäufe 19 %";"Erlöskonto"
"8830";"Erlöse aus Anlagenverk. 16% USt. (Buchgewinn)";"Erlöskonto"
"8835";"Erlöse aus Anlagenverk. 15% USt. (Buchgewinn)";"Erlöskonto"
"8837";"Erlöse Verkäufe immat.Vermögensgegenst";"Erlöskonto"
"8838";"Erlöse a. Verkäufen Finanzanlagen";"Erlöskonto"
"8839";"Erl. Verkauf Finanzanl. 100/50% st.frei";"Erlöskonto"
"8900";"Unentgeltliche Wertabgaben";"Erlöskonto"
"8905";"Entnahme von Gegenständen ohne USt";"Erlöskonto"
"8908";"Entnahme von Gegenständen 16% Umsatzsteuer";"Erlöskonto"
"8909";"Entnahme von Gegenständen 15% Umsatzsteuer";"Erlöskonto"
"8910";"Entnahme Unternehmer (Waren) 19% USt";"Erlöskonto"
"8913";"Entnahme Unternehmer (Waren) 19% USt";"Erlöskonto"
"8914";"Entnahme Unternehmer (Waren) 16% USt";"Erlöskonto"
"8915";"Entnahme Unternehmer (Waren) 7% USt";"Erlöskonto"
"8919";"Entnahme Unternehmer (Waren) ohne USt";"Erlöskonto"
"8920";"Verwendung von Gegenständen 19% USt";"Erlöskonto"
"8921";"Verwendung von Gegenständen 19% USt (Kfz Nutzung)";"Erlöskonto"
"8922";"Verwendung von Gegenständen 19% USt (Tel. Nutzung)";"Erlöskonto"
"8923";"Verwendung von Gegenständen 16% USt";"Erlöskonto"
"8924";"Verwendung von Gegenständen ohne USt";"Erlöskonto"
"8925";"Unentgeltl. Erbringung Leist. 19% USt";"Erlöskonto"
"8927";"Unentgeltl. Erbringung Leist. 19% USt";"Erlöskonto"
"8928";"Unentgeltl. Erbringung Leist. 16% USt";"Erlöskonto"
"8929";"Unentgeltl. Erbringung Leist. ohne USt";"Erlöskonto"
"8930";"Verwendung von Gegenständen 7% USt";"Erlöskonto"
"8932";"Unentgeltl. Erbringung Leist. 7% USt";"Erlöskonto"
"8934";"Verwendung von Gegenständen 16% USt (Kfz Nutzung)";"Erlöskonto"
"8935";"Unentgeltl. Zuwendung von Gegenständen 19% USt";"Erlöskonto"
"8937";"Unentgeltl. Zuwendung von Gegenständen 19% USt";"Erlöskonto"
"8938";"Unentgeltl. Zuwendung von Gegenständen 16% USt";"Erlöskonto"
"8939";"Unentgeltl. Zuwend. Gegenstände ohne USt";"Erlöskonto"
"8940";"Unentgeltl. Zuwend. von Waren 19% USt";"Erlöskonto"
"8943";"Unentgeltl. Zuwend. von Waren 19% USt";"Erlöskonto"
"8944";"Unentgeltl. Zuwend. von Waren 16% USt";"Erlöskonto"
"8945";"Unentgeltl. Zuwend. von Waren 7% USt";"Erlöskonto"
"8946";"Unentgeltliche Leistungen 7% Umsatzsteuer";"Erlöskonto"
"8947";"Unentgeltliche Leistungen 16% Umsatzsteuer";"Erlöskonto"
"8948";"Verwendung von Gegenständen 16% USt (Telefon)";"Erlöskonto"
"8949";"Unentgeltl. Zuwend. von Waren ohne USt";"Erlöskonto"
"8950";"Nicht steuerbare Umsätze";"Erlöskonto"
"8955";"Umsatzsteuer-Vergütungen";"Erlöskonto"
"8960";"Bestandsveränd.unfertige Erzeugnisse";"Erlöskonto"
"8970";"Bestandsveränderung unfertige Leistung";"Erlöskonto"
"8975";"Bestandsveränderung Bauaufträge";"Erlöskonto"
"8977";"Bestandsveränderung Aufträge in Arbeit";"Erlöskonto"
"8980";"Bestandsveränderung fertige Erzeugnisse";"Erlöskonto"
"8990";"Andere aktivierte Eigenleistungen";"Erlöskonto"
"9000";"Saldenvorträge Sachkonten";"Aktivkonto"
"9001";"Saldovorträge, Sachkonten";"Aktivkonto"
"9008";"Saldenvorträge Debitoren";"Aktivkonto"
"9009";"Saldenvorträge Kreditoren";"Passivkonto"
"9060";"Offene Posten 1990";"Statistikkonto"
"9069";"Offene Posten 1999";"Statistikkonto"
"9070";"Offene Posten 2000";"Aktivkonto"
"9071";"Offene Posten 2001";"Aktivkonto"
"9072";"Offene Posten 2002";"Aktivkonto"
"9073";"Offene Posten aus 2003";"Aktivkonto"
"9079";"Offene Posten aus 1979";"Statistikkonto"
"9080";"Offene Posten aus 1980";"Statistikkonto"
"9081";"Offene Posten aus 1981";"Statistikkonto"
"9082";"Offene Posten aus 1982";"Statistikkonto"
"9083";"Offene Posten aus 1983";"Statistikkonto"
"9084";"Offene Posten aus 1984";"Statistikkonto"
"9085";"Offene Posten aus 1985";"Statistikkonto"
"9086";"Offene Posten aus 1986";"Statistikkonto"
"9087";"Offene Posten aus 1987";"Statistikkonto"
"9088";"Offene Posten aus 1988";"Statistikkonto"
"9089";"Offene Posten aus 1989";"Statistikkonto"
"9090";"Summenvortrag";"Aktivkonto"
"9091";"Offene Posten 1991";"Statistikkonto"
"9092";"Offene Posten 1992";"Statistikkonto"
"9093";"Offene Posten 1993";"Statistikkonto"
"9094";"Offene Posten 1994";"Statistikkonto"
"9095";"Offene Posten 1995";"Statistikkonto"
"9096";"Offene Posten 1996";"Statistikkonto"
"9097";"Offene Posten 1997";"Statistikkonto"
"9098";"Offene Posten 1998";"Statistikkonto"
"9101";"Verkaufstage";"Statistikkonto"
"9102";"Anzahl der Barkunden";"Statistikkonto"
"9103";"Beschäftigte Personen";"Statistikkonto"
"9104";"Unbezahlte Personen";"Statistikkonto"
"9105";"Verkaufskräfte";"Statistikkonto"
"9106";"Geschäftsraum qm";"Statistikkonto"
"9107";"Verkaufsraum qm";"Statistikkonto"
"9120";"Erweiterungsinvestitionen";"Statistikkonto"
"9135";"Auftragseingang im Geschäftsjahr";"Statistikkonto"
"9140";"Auftragsbestand";"Statistikkonto"
"9190";"Gegenkto. zu Konten 9101-9107, 9116-9118";"Statistikkonto"
"9199";"Gegenkonto zu Konten 9120, 9135-9140";"Statistikkonto"
"9200";"Beschäftigte Personen";"Statistikkonto"
"9209";"Gegenkonto zu 9200";"Statistikkonto"
"9210";"Produktive Löhne";"Statistikkonto"
"9219";"Gegenkonto zu 9210";"Statistikkonto"
"9230";"Passive RAP Baukostenzuschüsse";"Statistikkonto"
"9232";"Passive RAP Investitionszulagen";"Statistikkonto"
"9234";"Passive RAP Investitionszuschüsse";"Statistikkonto"
"9239";"Gegenkonto zu Konten 9230-9238";"Statistikkonto"
"9240";"Investitionsverbindlichk.b.Leistg.Verb.";"Statistikkonto"
"9244";"Gegenkonto zu Konten 9240 - 43";"Statistikkonto"
"9245";"Forderungen Sachanlagenverkäufe";"Statistikkonto"
"9249";"Gegenkonto zu Konten 9245 - 47";"Statistikkonto"
"9250";"Eigenkapitalersetz. Gesellschafterdarl.";"Statistikkonto"
"9255";"Ungesicherte Gesellschafterdarl. (g.5J)";"Statistikkonto"
"9259";"Gegenkonto zu 9250 und 9255";"Statistikkonto"
"9260";"Kurzfristige Rückstellungen";"Statistikkonto"
"9262";"Mittelfristige Rückstellungen";"Statistikkonto"
"9264";"Langfristige Rückstellung o.Pensionen";"Statistikkonto"
"9269";"Gegenkonto zu Konten 9260-9268";"Statistikkonto"
"9270";"Gegenkonto zu 9271 bis 9278";"Statistikkonto"
"9271";"Verbindl. Wechselbegebung/-übertragung";"Statistikkonto"
"9272";"Verbindl. Wechselbegebung/-übertr.v.UN";"Statistikkonto"
"9273";"Verbindl. Bürgsch.,Wechsel-/Scheckbürg.";"Statistikkonto"
"9274";"Verbindl. Bürgsch.,Wechsel-/Scheckb.vUN";"Statistikkonto"
"9275";"Verbindl.a. Gewährleistungsverträgen";"Statistikkonto"
"9276";"Verbindl. Gewährleist.-vertrag v.UN";"Statistikkonto"
"9277";"Haftung fremde Verbindlichkeiten";"Statistikkonto"
"9278";"Haftung fremde Verbindlichk.gg.verb.UN";"Statistikkonto"
"9280";"Gegenkonto zu Konten 9281-9284";"Statistikkonto"
"9281";"Verpflichtungen Leasing u.Mietverträgen";"Statistikkonto"
"9282";"Verpflichtungen Leasing-/Mietvertr.v.UN";"Statistikkonto"
"9283";"Andere Verpflichtungen gem.§285 Nr3 HGB";"Statistikkonto"
"9284";"Andere Verpflichtungen §285 Nr3 HGB v.U";"Statistikkonto"
"9500";"Anteil für Konto 0900";"Statistikkonto"
"9510";"Anteil für Konto 0910";"Statistikkonto"
"9520";"Anteil für Konto 0920";"Statistikkonto"
"9530";"Anteil für Konto 0830";"Statistikkonto"
"9540";"Anteil für Konto 0810";"Statistikkonto"
"9570";"Anteil für Konto 0870";"Statistikkonto"
"9580";"Anteil für Konto 0880";"Statistikkonto"
"9590";"Anteil für Konto 0890";"Statistikkonto"
"9883";"Nicht durch Vermögenseinlagen gedeckte Entnahmen";"Statistikkonto"
"9884";"Nicht durch Vermögenseinlagen gedeckte Entnahmen";"Statistikkonto"
"9885";"Verr.konto für nicht durchVermögenseinl.gedeckte E";"Statistikkonto"
"9886";"Verr.konto für nicht durchVermögenseinlagen gedeck";"Statistikkonto"
"9899";"Gegenkonto zu 9890";"Statistikkonto"
"9900";"Anfangsbestand Forderungen §4 Abs.3 EStG";"Aktivkonto"
"9990";"Gegenkonto Anfangs-/Endbestand Ford. §4 Abs.3 EStG";"Aktivkonto"